{"CookieSPAEnabled":false,"MultiVariantTestingEnabled":false,"UseV2":true,"MobileSDK":false,"SkipGeolocation":false,"ScriptType":"LOCAL","Version":"6.33.0","OptanonDataJSON":"04da1d72-0626-4fff-b3c6-150c719cc115","GeolocationUrl":"https://geolocation.onetrust.com/cookieconsentpub/v1/geo/location","BulkDomainCheckUrl":"https://cookies-data.onetrust.io/bannersdk/v1/domaingroupcheck","RuleSet":[{"Id":"db622019-3996-421a-bc13-3d11d6fa272c","Name":"Brazil","Countries":["br"],"States":{},"LanguageSwitcherPlaceholder":{"default":"en"},"BannerPushesDown":false,"Default":false,"Global":false,"Type":"GDPR","UseGoogleVendors":false,"VariantEnabled":false,"TestEndTime":null,"Variants":[],"TemplateName":"GDPR Custom Template","Conditions":[],"GCEnable":false},{"Id":"8daa7890-435c-48f7-bd01-7768ea5f9ebf","Name":"GDPR Audience","Countries":["no","de","be","fi","pt","bg","dk","lt","lu","hr","lv","fr","hu","se","si","mc","sk","mf","sm","gb","yt","ie","gf","ee","mq","mt","gp","is","gr","it","es","re","at","cy","cz","ax","pl","li","ro","nl"],"States":{},"LanguageSwitcherPlaceholder":{"default":"en"},"BannerPushesDown":false,"Default":false,"Global":false,"Type":"GDPR","UseGoogleVendors":false,"VariantEnabled":false,"TestEndTime":null,"Variants":[],"TemplateName":"GDPR Custom Template","Conditions":[],"GCEnable":false},{"Id":"40451c6c-36d5-41b4-a718-aca26f058456","Name":"Global Audience","Countries":["pr","ps","pw","py","qa","ad","ae","af","ag","ai","al","am","ao","aq","ar","as","au","aw","az","ba","bb","rs","bd","ru","bf","rw","bh","bi","bj","bl","bm","bn","bo","sa","sb","bq","sc","bs","sd","bt","bv","sg","sh","bw","sj","by","bz","sl","sn","so","ca","sr","ss","cc","st","cd","cf","sv","cg","sx","ch","sy","ci","sz","ck","cl","cm","cn","co","tc","cr","td","cu","tf","cv","tg","th","cw","cx","tj","tk","tl","tm","tn","to","tr","tt","tv","tw","dj","tz","dm","do","ua","ug","dz","um","ec","us","eg","eh","uy","uz","va","vc","er","ve","et","vg","vi","vn","vu","fj","fk","fm","fo","wf","ga","ws","gd","ge","gg","gh","gi","gl","gm","gn","gq","gs","gt","gu","gw","gy","hk","hm","hn","ye","ht","id","il","im","in","io","za","iq","ir","zm","je","zw","jm","jo","jp","ke","kg","kh","ki","km","kn","kp","kr","kw","ky","kz","la","lb","lc","lk","lr","ls","ly","ma","md","me","mg","mh","mk","ml","mm","mn","mo","mp","mr","ms","mu","mv","mw","mx","my","mz","na","nc","ne","nf","ng","ni","np","nr","nu","nz","om","pa","pe","pf","pg","ph","pk","pm","pn"],"States":{},"LanguageSwitcherPlaceholder":{"tt":"tt","hi":"hi","de":"de","ps":"ps","lo":"lo","pt":"pt","lt":"lt","lv":"lv","hr":"hr","hu":"hu","yi":"yi","hy":"hy","default":"en","yo":"yo","uk":"uk","me":"me","mg":"mg","id":"id","mi":"mi","ur":"ur","mk":"mk","ml":"ml","mn":"mn","uz":"uz","mr":"mr","af":"af","ms":"ms","mt":"mt","el":"el","is":"is","eo":"eo","it":"it","my":"my","am":"am","es":"es","zh":"zh","et":"et","eu":"eu","ar":"ar","vi":"vi","ja":"ja"},"BannerPushesDown":false,"Default":true,"Global":true,"Type":"GENERIC","UseGoogleVendors":false,"VariantEnabled":false,"TestEndTime":null,"Variants":[],"TemplateName":"Generic Template","Conditions":[],"GCEnable":false}],"IabData":{"cookieVersion":"1","createdTime":"2022-04-15T22:50:43.649239","updatedTime":"2022-04-15T22:50:43.649245","cmpId":"28","cmpVersion":"1","consentScreen":"1","consentLanguage":null,"vendorListVersion":0,"maxVendorId":0,"encodingType":"0","globalVendorListUrl":"https://cdn.cookielaw.org/vendorlist/iabData.json"},"IabV2Data":{"cookieVersion":"1","createdTime":"2022-04-15T22:50:43.830106","updatedTime":"2022-04-15T22:50:43.830111","cmpId":"28","cmpVersion":"1","consentScreen":"1","consentLanguage":null,"vendorListVersion":0,"maxVendorId":0,"encodingType":"0","globalVendorListUrl":"https://cdn.cookielaw.org/vendorlist/iab2Data.json"},"GoogleData":{"vendorListVersion":1,"googleVendorListUrl":"https://cdn.cookielaw.org/vendorlist/googleData.json"},"ScriptDynamicLoadEnabled":false,"TenantFeatures":{"CookieV2BannerFocus":true,"CookieV2GPC":true,"CookieV2AssignTemplateRule":true,"CookieV2GeolocationJsonApi":true,"CookieV2TCF21":true,"CookieV2GeneralVendors":true},"IsSuppressBanner":true,"IsSuppressPC":true,"PublisherCC":"US","Domain":"discord.com","TenantGuid":"46c7778e-db7e-4c1c-9a95-51886845e33e","EnvId":"app-prod","RemoteActionsEnabled":false,"GeoRuleGroupName":"All Audiences"}