{"DomainData":{"pclifeSpanYr":"Year","pclifeSpanYrs":"Years","pclifeSpanSecs":"A few seconds","pclifeSpanWk":"Week","pclifeSpanWks":"Weeks","pccloseButtonType":"Icon","pccontinueWithoutAcceptText":"Continue without Accepting","cctId":"04da1d72-0626-4fff-b3c6-150c719cc115","MainText":"Privacy Preference Center","MainInfoText":"When you visit any website, it may store or retrieve information on your browser, mostly in the form of cookies. This information might be about you, your preferences or your device and is mostly used to make the site work as you expect it to. The information does not usually directly identify you, but it can give you a more personalized web experience. Because we respect your right to privacy, you can choose not to allow some types of cookies. Click on the different category headings to find out more and change our default settings. However, blocking some types of cookies may impact your experience of the site and the services we are able to offer.","AboutText":"More information","AboutCookiesText":"Your Privacy","ConfirmText":"Allow All","AllowAllText":"Save Settings","CookiesUsedText":"Cookies used","AboutLink":"https://cookiepedia.co.uk/giving-consent-to-cookies","HideToolbarCookieList":true,"ActiveText":"Active","AlwaysActiveText":"Always Active","AlertNoticeText":"By clicking “Accept All Cookies”, you agree to the storing of cookies on your device to enhance site navigation, analyze site usage, and assist in our marketing efforts.","AlertCloseText":"Close","AlertMoreInfoText":"Cookies Settings","CookieSettingButtonText":"Cookies Settings","AlertAllowCookiesText":"Accept All Cookies","CloseShouldAcceptAllCookies":false,"LastReconsentDate":null,"BannerTitle":"","ForceConsent":false,"BannerPushesDownPage":false,"InactiveText":"Inactive","CookiesText":"Cookies","CategoriesText":"Cookie Subgroup","IsLifespanEnabled":false,"LifespanText":"Lifespan","VendorLevelOptOut":false,"HasScriptArchive":false,"BannerPosition":"bottom","PreferenceCenterPosition":"default","PreferenceCenterConfirmText":"Confirm My Choices","VendorListText":"List of IAB Vendors","ThirdPartyCookieListText":"Cookies Details","PreferenceCenterManagePreferencesText":" Manage Consent Preferences","PreferenceCenterMoreInfoScreenReader":"Opens in a new Tab","CookieListTitle":"Cookie List","CookieListDescription":"A cookie is a small piece of data (text file) that a website – when visited by a user – asks your browser to store on your device in order to remember information about you, such as your language preference or login information. Those cookies are set by us and called first-party cookies. We also use third-party cookies – which are cookies from a domain different than the domain of the website you are visiting – for our advertising and marketing efforts. More specifically, we use cookies and other tracking technologies for the following purposes:","Groups":[{"ShowInPopup":true,"ShowInPopupNonIAB":true,"ShowSDKListLink":true,"Order":"1","OptanonGroupId":"C0001","Parent":"","ShowSubgroup":true,"ShowSubGroupDescription":true,"ShowSubgroupToggle":false,"GroupDescription":"These cookies are necessary for the website to function and cannot be switched off in our systems. They are usually only set in response to actions made by you which amount to a request for services, such as setting your privacy preferences, logging in or filling in forms. You can set your browser to block or alert you about these cookies, but some parts of the site will not then work. These cookies do not store any personally identifiable information.","GroupDescriptionOTT":"These cookies are necessary for the website to function and cannot be switched off in our systems. They are usually only set in response to actions made by you which amount to a request for services, such as setting your privacy preferences, logging in or filling in forms. You can set your browser to block or alert you about these cookies, but some parts of the site will not then work. These cookies do not store any personally identifiable information.","GroupNameMobile":"Strictly Necessary Cookies","GroupNameOTT":"Strictly Necessary Cookies","GroupName":"Strictly Necessary Cookies","IsIabPurpose":false,"GeneralVendorsIds":[],"FirstPartyCookies":[{"thirdPartyDescription":" These cookies may be set through our site by our advertising partners. They may be used by those companies to build a profile of your interests and show you relevant adverts on other sites. They do not store directly personal information, but are based on uniquely identifying your browser and internet device. If you do not allow these cookies, you will experience less targeted advertising. ","patternKey":null,"thirdPartyKey":null,"firstPartyKey":null,"id":"67aaac70-e89a-4974-9879-0038a50b7deb","Name":"cf_chl_seq_xxxxxxxxxxxxxxxxxxxxx","Host":"support.discord.com","IsSession":true,"Length":"0","description":" These cookies may be set through our site by our advertising partners. They may be used by those companies to build a profile of your interests and show you relevant adverts on other sites. They do not store directly personal information, but are based on uniquely identifying your browser and internet device. If you do not allow these cookies, you will experience less targeted advertising. ","DurationType":1,"category":null,"isThirdParty":false},{"thirdPartyDescription":"cf_chl_cc_","patternKey":null,"thirdPartyKey":null,"firstPartyKey":null,"id":"a776eedc-452b-4448-9d03-12787bb70082","Name":"cf_chl_cc_","Host":"support.discord.com","IsSession":true,"Length":"0","description":"cf_chl_cc_","DurationType":1,"category":null,"isThirdParty":false},{"thirdPartyDescription":null,"patternKey":null,"thirdPartyKey":null,"firstPartyKey":null,"id":"561555ee-a4a2-4410-9429-27b1d484abf2","Name":"__cfruid","Host":"support-dev.discord.com","IsSession":true,"Length":"0","description":"Cookie associated with sites using CloudFlare, used to identify trusted web traffic.","DurationType":1,"category":null,"isThirdParty":false},{"thirdPartyDescription":null,"patternKey":null,"thirdPartyKey":null,"firstPartyKey":null,"id":"3facde93-2122-4256-a811-4042c3047b51","Name":"__cfduid","Host":"discord.com","IsSession":false,"Length":"30","description":"Cookie associated with sites using CloudFlare, used to speed up page load times. According to CloudFlare it is used to override any security restrictions based on the IP address the visitor is coming from. It does not contain any user identification information.    ","DurationType":1,"category":null,"isThirdParty":false},{"thirdPartyDescription":null,"patternKey":null,"thirdPartyKey":null,"firstPartyKey":null,"id":"33485c6b-eb07-4198-b4ef-6956bf3870c7","Name":"cf_chl_prog","Host":"support.discord.com","IsSession":false,"Length":"0","description":"","DurationType":1,"category":null,"isThirdParty":false},{"thirdPartyDescription":null,"patternKey":null,"thirdPartyKey":null,"firstPartyKey":null,"id":"717b44a5-701c-4c09-93ed-ba032119b759","Name":"OptanonAlertBoxClosed","Host":".discord.com","IsSession":false,"Length":"365","description":"This cookie is set by websites using certain versions of the cookie law compliance solution from OneTrust.  It is set after visitors have seen a cookie information notice and in some cases only when they actively close the notice down.  It enables the website not to show the message more than once to a user.  The cookie has a one year lifespan and contains no personal information.","DurationType":1,"category":null,"isThirdParty":false},{"thirdPartyDescription":null,"patternKey":null,"thirdPartyKey":null,"firstPartyKey":null,"id":"3dfdb934-d232-4c44-a0ce-d7b072a723af","Name":"OptanonConsent","Host":".discord.com","IsSession":false,"Length":"365","description":"This cookie is set by the cookie compliance solution from OneTrust. It stores information about the categories of cookies the site uses and whether visitors have given or withdrawn consent for the use of each category. This enables site owners to prevent cookies in each category from being set in the users browser, when consent is not given. The cookie has a normal lifespan of one year, so that returning visitors to the site will have their preferences remembered. It contains no information that can identify the site visitor.","DurationType":1,"category":null,"isThirdParty":false},{"thirdPartyDescription":null,"patternKey":null,"thirdPartyKey":null,"firstPartyKey":null,"id":"0474bce5-472a-4a99-94ba-e7c4b65230c3","Name":"__cf_bm","Host":"support-dev.discord.com","IsSession":false,"Length":"0","description":"The __cf_bm cookie is a cookie necessary to support Cloudflare Bot Management, currently in private beta. As part of our bot management service, this cookie helps manage incoming traffic that matches criteria associated with bots.\n","DurationType":1,"category":null,"isThirdParty":false},{"thirdPartyDescription":null,"patternKey":null,"thirdPartyKey":null,"firstPartyKey":null,"id":"3a500527-07e0-4487-8d47-f236b8c33769","Name":"__dcfduid","Host":"discord.com","IsSession":false,"Length":"30","description":"","DurationType":1,"category":null,"isThirdParty":false}],"Hosts":[{"HostName":"discord.gg","DisplayName":"discord.gg","HostId":"H2","Description":"","PrivacyPolicy":"","Cookies":[{"thirdPartyDescription":null,"patternKey":null,"thirdPartyKey":null,"firstPartyKey":null,"id":"c8477c61-ca7a-4a59-bf35-6245eada768c","Name":"__cfduid","Host":"discord.gg","IsSession":false,"Length":"30","description":"Cookie associated with sites using CloudFlare, used to speed up page load times. According to CloudFlare it is used to override any security restrictions based on the IP address the visitor is coming from. It does not contain any user identification information.    ","DurationType":1,"category":null,"isThirdParty":false}]},{"HostName":"hammerandchisel.zendesk.com","DisplayName":"hammerandchisel.zendesk.com","HostId":"H4","Description":"","PrivacyPolicy":"","Cookies":[{"thirdPartyDescription":null,"patternKey":null,"thirdPartyKey":null,"firstPartyKey":null,"id":"10cf63fa-135d-4b2d-b1d0-db5dbef5bf79","Name":"__cfruid","Host":"hammerandchisel.zendesk.com","IsSession":true,"Length":"0","description":"Cookie associated with sites using CloudFlare, used to identify trusted web traffic.","DurationType":1,"category":null,"isThirdParty":false},{"thirdPartyDescription":null,"patternKey":null,"thirdPartyKey":null,"firstPartyKey":null,"id":"0154e626-5d31-46be-bdc7-f50a6a293b18","Name":"__cfduid","Host":"hammerandchisel.zendesk.com","IsSession":false,"Length":"30","description":"Cookie associated with sites using CloudFlare, used to speed up page load times. According to CloudFlare it is used to override any security restrictions based on the IP address the visitor is coming from. It does not contain any user identification information.    ","DurationType":1,"category":null,"isThirdParty":false}]},{"HostName":"discordmoderatoracademy.zendesk.com","DisplayName":"discordmoderatoracademy.zendesk.com","HostId":"H6","Description":"","PrivacyPolicy":"","Cookies":[{"thirdPartyDescription":null,"patternKey":null,"thirdPartyKey":null,"firstPartyKey":null,"id":"76ad583d-1553-4ab1-8a97-4dbc7d6cdf82","Name":"__cfruid","Host":"discordmoderatoracademy.zendesk.com","IsSession":true,"Length":"0","description":"Cookie associated with sites using CloudFlare, used to identify trusted web traffic.","DurationType":1,"category":null,"isThirdParty":false},{"thirdPartyDescription":null,"patternKey":null,"thirdPartyKey":null,"firstPartyKey":null,"id":"642be6ac-7b4e-4a8a-a7be-8bc71a1ab27b","Name":"__cfduid","Host":"discordmoderatoracademy.zendesk.com","IsSession":false,"Length":"30","description":"Cookie associated with sites using CloudFlare, used to speed up page load times. According to CloudFlare it is used to override any security restrictions based on the IP address the visitor is coming from. It does not contain any user identification information.    ","DurationType":1,"category":null,"isThirdParty":false}]},{"HostName":"hcaptcha.com","DisplayName":"hcaptcha.com","HostId":"H7","Description":"","PrivacyPolicy":"","Cookies":[{"thirdPartyDescription":null,"patternKey":null,"thirdPartyKey":null,"firstPartyKey":null,"id":"0a3c846d-724a-4328-bbbd-92fd065de66f","Name":"__cfduid","Host":"hcaptcha.com","IsSession":false,"Length":"30","description":"Cookie associated with sites using CloudFlare, used to speed up page load times. According to CloudFlare it is used to override any security restrictions based on the IP address the visitor is coming from. It does not contain any user identification information.    ","DurationType":1,"category":null,"isThirdParty":false}]},{"HostName":"discordapp.com","DisplayName":"discordapp.com","HostId":"H9","Description":"","PrivacyPolicy":"https://discord.com/privacy","Cookies":[{"thirdPartyDescription":null,"patternKey":null,"thirdPartyKey":null,"firstPartyKey":null,"id":"ac8fc16c-66fc-4fb2-ba52-ed86795796a3","Name":"__cfduid","Host":"discordapp.com","IsSession":false,"Length":"30","description":"Cookie associated with sites using CloudFlare, used to speed up page load times. According to CloudFlare it is used to override any security restrictions based on the IP address the visitor is coming from. It does not contain any user identification information.    ","DurationType":1,"category":null,"isThirdParty":false}]},{"HostName":"discord.workers.dev","DisplayName":"discord.workers.dev","HostId":"H13","Description":"","PrivacyPolicy":"","Cookies":[{"thirdPartyDescription":null,"patternKey":null,"thirdPartyKey":null,"firstPartyKey":null,"id":"c1797981-fe95-48fc-b36a-bbd07d1a5a5c","Name":"__cfduid","Host":"discord.workers.dev","IsSession":false,"Length":"30","description":"Cookie associated with sites using CloudFlare, used to speed up page load times. According to CloudFlare it is used to override any security restrictions based on the IP address the visitor is coming from. It does not contain any user identification information.    ","DurationType":1,"category":null,"isThirdParty":false}]},{"HostName":"discordapp.net","DisplayName":"discordapp.net","HostId":"H15","Description":"","PrivacyPolicy":"https://discord.com/privacy","Cookies":[{"thirdPartyDescription":null,"patternKey":null,"thirdPartyKey":null,"firstPartyKey":null,"id":"0cdd274d-7b2c-4ee9-85ea-f48570a9ac78","Name":"__cfduid","Host":"discordapp.net","IsSession":false,"Length":"30","description":"Cookie associated with sites using CloudFlare, used to speed up page load times. According to CloudFlare it is used to override any security restrictions based on the IP address the visitor is coming from. It does not contain any user identification information.    ","DurationType":1,"category":null,"isThirdParty":false}]}],"PurposeId":"52BCDC4F-AC08-4F12-82CD-7F09E5AA7C2A","CustomGroupId":"C0001","GroupId":"51ae7d83-a032-4cb6-9f4a-857514e5c53e","Status":"always active","IsDntEnabled":false,"Type":"COOKIE","DescriptionLegal":"","HasLegIntOptOut":false,"HasConsentOptOut":true,"IsGpcEnabled":false,"VendorServices":null},{"ShowInPopup":true,"ShowInPopupNonIAB":true,"ShowSDKListLink":true,"Order":"2","OptanonGroupId":"C0002","Parent":"","ShowSubgroup":true,"ShowSubGroupDescription":true,"ShowSubgroupToggle":false,"GroupDescription":"These cookies allow us to count visits and traffic sources so we can measure and improve the performance of our site. They help us to know which pages are the most and least popular and see how visitors move around the site. All information these cookies collect is aggregated and therefore anonymous. If you do not allow these cookies we will not know when you have visited our site, and will not be able to monitor its performance.","GroupDescriptionOTT":"These cookies allow us to count visits and traffic sources so we can measure and improve the performance of our site. They help us to know which pages are the most and least popular and see how visitors move around the site. All information these cookies collect is aggregated and therefore anonymous. If you do not allow these cookies we will not know when you have visited our site, and will not be able to monitor its performance.","GroupNameMobile":"Performance Cookies","GroupNameOTT":"Performance Cookies","GroupName":"Performance Cookies","IsIabPurpose":false,"GeneralVendorsIds":[],"FirstPartyCookies":[{"thirdPartyDescription":null,"patternKey":null,"thirdPartyKey":null,"firstPartyKey":null,"id":"8a1cc55e-b140-48c0-96e1-337fa6956ace","Name":"_gat","Host":"discord.com","IsSession":false,"Length":"0","description":"This cookie name is associated with Google Universal Analytics, according to documentation it is used to throttle the request rate - limiting the collection of data on high traffic sites. It expires after 10 minutes.","DurationType":1,"category":null,"isThirdParty":false},{"thirdPartyDescription":null,"patternKey":null,"thirdPartyKey":null,"firstPartyKey":null,"id":"55cb403c-40e8-4632-bbc3-851a67621f53","Name":"_gid","Host":"discord.com","IsSession":false,"Length":"1","description":"This cookie name is associated with Google Universal Analytics. This appears to be a new cookie and as of Spring 2017 no information is available from Google.  It appears to store and update a unique value for each page visited.","DurationType":1,"category":null,"isThirdParty":false},{"thirdPartyDescription":null,"patternKey":null,"thirdPartyKey":null,"firstPartyKey":null,"id":"8996444d-2f89-4414-bd53-93c12e13ef2b","Name":"_ga","Host":"discord.com","IsSession":false,"Length":"730","description":"This cookie name is associated with Google Universal Analytics - which is a significant update to Google's more commonly used analytics service. This cookie is used to distinguish unique users by assigning a randomly generated number as a client identifier. It is included in each page request in a site and used to calculate visitor, session and campaign data for the sites analytics reports.  By default it is set to expire after 2 years, although this is customisable by website owners.","DurationType":1,"category":null,"isThirdParty":false},{"thirdPartyDescription":"This is a pattern type cookie set by Google Analytics, where the pattern element on the name contains the unique identity number of the account or website it relates to. It appears to be a variation of the _gat cookie which is used to limit the amount of data recorded by Google on high traffic volume websites.","patternKey":null,"thirdPartyKey":null,"firstPartyKey":null,"id":"9fdda328-871f-494c-b2ea-af20f1ec7556","Name":"_gat_UA-","Host":"discord.com","IsSession":false,"Length":"0","description":"This is a pattern type cookie set by Google Analytics, where the pattern element on the name contains the unique identity number of the account or website it relates to. It appears to be a variation of the _gat cookie which is used to limit the amount of data recorded by Google on high traffic volume websites.","DurationType":1,"category":null,"isThirdParty":false}],"Hosts":[],"PurposeId":"FF810C13-475A-410F-A538-3747B2BD7B79","CustomGroupId":"C0002","GroupId":"cc40d5ab-c598-42e9-99ae-1a7844020ed2","Status":"active","IsDntEnabled":false,"Type":"COOKIE","DescriptionLegal":"","HasLegIntOptOut":false,"HasConsentOptOut":true,"IsGpcEnabled":false,"VendorServices":null},{"ShowInPopup":true,"ShowInPopupNonIAB":true,"ShowSDKListLink":true,"Order":"3","OptanonGroupId":"C0003","Parent":"","ShowSubgroup":true,"ShowSubGroupDescription":true,"ShowSubgroupToggle":false,"GroupDescription":"These cookies enable the website to provide enhanced functionality and personalisation. They may be set by us or by third party providers whose services we have added to our pages. If you do not allow these cookies then some or all of these services may not function properly.","GroupDescriptionOTT":"These cookies enable the website to provide enhanced functionality and personalisation. They may be set by us or by third party providers whose services we have added to our pages. If you do not allow these cookies then some or all of these services may not function properly.","GroupNameMobile":"Functional Cookies","GroupNameOTT":"Functional Cookies","GroupName":"Functional Cookies","IsIabPurpose":false,"GeneralVendorsIds":[],"FirstPartyCookies":[{"thirdPartyDescription":null,"patternKey":null,"thirdPartyKey":null,"firstPartyKey":null,"id":"61848a92-0dd1-4355-9738-2253407c5aed","Name":"locale","Host":"discord.com","IsSession":true,"Length":"0","description":"","DurationType":1,"category":null,"isThirdParty":false},{"thirdPartyDescription":null,"patternKey":null,"thirdPartyKey":null,"firstPartyKey":null,"id":"fa99497a-1b02-43ca-b27d-320780db37b7","Name":"_zendesk_shared_session","Host":"support.discord.com","IsSession":true,"Length":"0","description":"This cookie holds session information for sharing across Zendesk applications.","DurationType":1,"category":null,"isThirdParty":false},{"thirdPartyDescription":null,"patternKey":null,"thirdPartyKey":null,"firstPartyKey":null,"id":"14378b72-81e6-45c2-ba38-56bd4ad69c22","Name":"_parsely_session","Host":"discord.com","IsSession":false,"Length":"0","description":"This cookie is used to determine if the visitor has visited the website before, or if it is a new visitor on the website.\n","DurationType":1,"category":null,"isThirdParty":false},{"thirdPartyDescription":null,"patternKey":null,"thirdPartyKey":null,"firstPartyKey":null,"id":"1e7e59eb-10cb-4cb2-bea3-b8ccde3e3212","Name":"_zendesk_session","Host":"support.discord.com","IsSession":true,"Length":"0","description":"This cookie holds session information for root access applications.","DurationType":1,"category":null,"isThirdParty":false},{"thirdPartyDescription":null,"patternKey":null,"thirdPartyKey":null,"firstPartyKey":null,"id":"09e351b9-502e-49a5-8383-c6be13a8e619","Name":"_help_center_session","Host":"support-dev.discord.com","IsSession":true,"Length":"0","description":"This cookie aids in session for the Zendesk guide.","DurationType":1,"category":null,"isThirdParty":false},{"thirdPartyDescription":null,"patternKey":null,"thirdPartyKey":null,"firstPartyKey":null,"id":"53b64274-a72f-41ef-9322-c8ddcc30bbc1","Name":"_zendesk_authenticated","Host":"support.discord.com","IsSession":false,"Length":"0","description":"This cookie is used to store a binary variable determining whether a user has been authenticated.","DurationType":1,"category":null,"isThirdParty":false}],"Hosts":[],"PurposeId":"71DB9983-5771-473D-B605-04F0CA3C7202","CustomGroupId":"C0003","GroupId":"b681a522-28e5-4c5d-8a0f-38be2c47a999","Status":"active","IsDntEnabled":false,"Type":"COOKIE","DescriptionLegal":"","HasLegIntOptOut":false,"HasConsentOptOut":true,"IsGpcEnabled":false,"VendorServices":null},{"ShowInPopup":true,"ShowInPopupNonIAB":true,"ShowSDKListLink":true,"Order":"4","OptanonGroupId":"C0004","Parent":"","ShowSubgroup":true,"ShowSubGroupDescription":true,"ShowSubgroupToggle":false,"GroupDescription":"These cookies may be set through our site by our advertising partners. They may be used by those companies to build a profile of your interests and show you relevant adverts on other sites. They do not store directly personal information, but are based on uniquely identifying your browser and internet device. If you do not allow these cookies, you will experience less targeted advertising.","GroupDescriptionOTT":"These cookies may be set through our site by our advertising partners. They may be used by those companies to build a profile of your interests and show you relevant adverts on other sites. They do not store directly personal information, but are based on uniquely identifying your browser and internet device. If you do not allow these cookies, you will experience less targeted advertising.","GroupNameMobile":"(Not Used) Targeting Cookies","GroupNameOTT":"(Not Used) Targeting Cookies","GroupName":"(Not Used) Targeting Cookies","IsIabPurpose":false,"GeneralVendorsIds":[],"FirstPartyCookies":[],"Hosts":[],"PurposeId":"83D65411-40AF-4E12-875C-2F20CFC00B2F","CustomGroupId":"C0004","GroupId":"2dab67c5-94d9-4402-8c06-d0d3e61b6ef2","Status":"active","IsDntEnabled":true,"Type":"COOKIE","DescriptionLegal":"","HasLegIntOptOut":false,"HasConsentOptOut":true,"IsGpcEnabled":true,"VendorServices":null},{"ShowInPopup":true,"ShowInPopupNonIAB":true,"ShowSDKListLink":true,"Order":"5","OptanonGroupId":"C0005","Parent":"","ShowSubgroup":true,"ShowSubGroupDescription":true,"ShowSubgroupToggle":false,"GroupDescription":"These cookies are set by a range of social media services that we have added to the site to enable you to share our content with your friends and networks. They are capable of tracking your browser across other sites and building up a profile of your interests. This may impact the content and messages you see on other websites you visit. If you do not allow these cookies you may not be able to use or see these sharing tools.","GroupDescriptionOTT":"These cookies are set by a range of social media services that we have added to the site to enable you to share our content with your friends and networks. They are capable of tracking your browser across other sites and building up a profile of your interests. This may impact the content and messages you see on other websites you visit. If you do not allow these cookies you may not be able to use or see these sharing tools.","GroupNameMobile":"(Not Used) Social Media Cookies","GroupNameOTT":"(Not Used) Social Media Cookies","GroupName":"(Not Used) Social Media Cookies","IsIabPurpose":false,"GeneralVendorsIds":[],"FirstPartyCookies":[],"Hosts":[],"PurposeId":"9E82D5DC-6B30-43C3-BAD1-6F5F56A5B2F5","CustomGroupId":"C0005","GroupId":"7c6f2b43-2a14-411c-a030-6f9dfe56df85","Status":"active","IsDntEnabled":false,"Type":"COOKIE","DescriptionLegal":"","HasLegIntOptOut":false,"HasConsentOptOut":true,"IsGpcEnabled":false,"VendorServices":null}],"Language":{"Culture":"en"},"ShowPreferenceCenterCloseButton":true,"FooterDescriptionText":"","CustomJs":"","LifespanTypeText":"Session","LifespanDurationText":"","CloseText":"Close","BannerCloseButtonText":"Close","AddLinksToCookiepedia":false,"showBannerCloseButton":true,"AlertLayout":"bottom","IsDntEnable":false,"ShowAlertNotice":false,"IsConsentLoggingEnabled":false,"IsIabEnabled":false,"IsIabThirdPartyCookieEnabled":false,"ScrollCloseBanner":false,"OnClickCloseBanner":false,"NextPageCloseBanner":false,"AcceptAllCookies":false,"ConsentModel":"opt-out","VendorConsentModel":"opt-out","Vendors":[],"OverriddenVendors":null,"OverridenGoogleVendors":null,"publisher":{"restrictions":{}},"ScrollAcceptAllCookies":false,"OnClickAcceptAllCookies":false,"NextPageAcceptAllCookies":false,"CookieListEnabled":false,"Flat":true,"FloatingFlat":false,"FloatingRoundedCorner":false,"FloatingRoundedIcon":false,"FloatingRounded":false,"CenterRounded":false,"Center":true,"Panel":false,"Popup":false,"List":false,"Tab":false,"ChoicesBanner":false,"NoBanner":false,"BannerIABPartnersLink":"","BannerPurposeTitle":"","BannerPurposeDescription":"","BannerFeatureTitle":"","BannerFeatureDescription":"","BannerInformationTitle":"","BannerInformationDescription":"","BannerShowRejectAllButton":false,"BannerRejectAllButtonText":"","PCenterShowRejectAllButton":false,"PCenterRejectAllButtonText":"","BannerSettingsButtonDisplayLink":true,"BannerDPDTitle":null,"BannerDPDDescription":null,"BannerDPDDescriptionFormat":null,"PCFirstPartyCookieListText":"First Party Cookies","PCViewCookiesText":"View Cookies","PCenterBackText":"Back","PCenterVendorsListText":"Vendors List","PCenterViewPrivacyPolicyText":"View Privacy Policy","PCenterClearFiltersText":"Clear Filters","PCenterApplyFiltersText":"Apply","PCenterAllowAllConsentText":"Allow All Consent","PCenterCookiesListText":"Cookie List","PCenterCancelFiltersText":"Cancel","PCenterEnableAccordion":true,"IabType":"","AdvancedAnalyticsCategory":"","PCGrpDescType":null,"PCGrpDescLinkPosition":null,"PCVendorFullLegalText":null,"LegIntSettings":null,"PCAccordionStyle":"Plusminus","PCShowConsentLabels":false,"PCActiveText":"Active","PCInactiveText":"Inactive","BannerAdditionalDescription":"","BannerAdditionalDescPlacement":"AfterDescription","PCenterSelectAllVendorsText":"Select All Vendors","PCenterFilterText":"Filter","ReconsentFrequencyDays":365,"UseGoogleVendors":false,"PCIABVendorsText":"IAB Vendors","PCGoogleVendorsText":"Google Vendors","PCTemplateUpgrade":true,"PCShowPersistentCookiesHoverButton":false,"GlobalRestrictionEnabled":false,"GlobalRestrictions":{},"PCenterUseGeneralVendorsToggle":false,"PCenterGeneralVendorsText":"Other Vendors","PCenterAllowVendorOptout":true,"PCenterGeneralVendorThirdPartyCookiesText":"View Vendor Details","GeneralVendors":[],"BannerNonIABVendorListText":"","PCenterVendorListLifespan":"Lifespan","PCenterVendorListDisclosure":"Device Storage Disclosure","PCenterVendorListNonCookieUsage":"This vendor utilizes other methods of storage or accessing information in addition to cookies.","PCenterVendorListDescText":"","PCenterVendorListStorageIdentifier":"Identifier","PCenterVendorListStorageType":"Type","PCenterVendorListStoragePurposes":"Purposes","PCenterVendorListStorageDomain":"Domain","PCenterVendorListLifespanDay":"Day","PCenterVendorListLifespanDays":"Days","PCenterVendorListLifespanMonth":"Month","PCenterVendorListLifespanMonths":"Months","PCLifeSpanYr":"Year","PCLifeSpanYrs":"Years","PCLifeSpanSecs":"A few seconds","PCLifeSpanWk":"Week","PCLifeSpanWks":"Weeks","PCCookiePolicyText":"View Privacy Policy","BShowSaveBtn":true,"BSaveBtnText":"Save Choices","CookieFirstPartyText":"First Party","CookieThirdPartyText":"Third Party","PCCookiePolicyLinkScreenReader":"More information about your privacy, opens in a new tab","PCLogoScreenReader":"Company Logo","PublisherCC":"US","BCloseButtonType":"Icon","BContinueText":"Continue without Accepting","PCCloseButtonType":"Icon","PCContinueText":"Continue without Accepting","BannerFocus":true,"BannerRelativeFontSizesToggle":false,"PCAllowToggleLbl":"Allow","GCEnable":false,"GCAnalyticsStorage":"","GCAdStorage":"","GCRedactEnable":false,"GCWaitTime":0,"GCFunctionalityStorage":"","GCPersonalizationStorage":"","GCSecurityStorage":"","PCGeneralVendorsPolicyText":"View Privacy Policy","PCOpensCookiesDetailsAlert":"Cookie Details button opens Cookie List menu","PCOpensVendorDetailsAlert":"IAB Vendor Details button opens Vendor List menu","AriaOpenPreferences":"Open Preferences","AriaClosePreferences":"Close Preferences","AriaPrivacy":"Privacy","BCookiePolicyLinkScreenReader":"More information about your privacy","BNoCursorFocus":false,"BShowPolicyLink":false,"PCenterVendorListSearch":"Search…","PCenterCookieListSearch":"Search…","PCenterLegitInterestText":"Legitimate Interest","PCenterLegIntColumnHeader":"Legitimate Interest","PCenterConsentText":"Consent","PCenterVendorListFilterAria":"Filter Icon","PCenterCookieListFilterAria":"Filter Icon","BInitialFocus":true,"BInitialFocusLinkAndButton":false,"NewVendorsInactiveEnabled":false,"PCenterFilterAppliedAria":"Applied","PCenterFilterClearedAria":"Filters Cleared","PCenterVendorListScreenReader":"Vendor Details button opens Vendor List menu","PCenterCookieSearchAriaLabel":"Cookie list search","PCenterVendorSearchAriaLabel":"Vendor list search","PCenterVendorListTitle":null,"PCenterVendorListLinkText":"","PCenterVendorListLinkAriaLabel":"","IsShowAlwaysActiveText":true,"PCenterUserIdTitleText":"","PCenterUserIdDescriptionText":"","PCenterUserIdTimestampTitleText":"","PCenterUserIdNotYetConsentedText":"","BImprintLinkScreenReader":"Legal Information","BShowImprintLink":false,"PCVSInputType":null,"PCVSAlwaysActive":false,"PCVSShowToggle":false,"PCVSOptOut":false,"PCVSCategoryView":false,"PCVSExpandCategory":false,"PCVSExpandGroup":false,"PCVSListTitle":null,"PCVSNameText":null,"PCVSParentCompanyText":null,"PCVSAddressText":null,"PCVSDefaultCategoryText":null,"PCVSDefaultDescriptionText":null,"PCVSDPOEmailText":null,"PCVSDPOLinkText":null,"PCVSPrivacyPolicyLinkText":null,"PCVSCookiePolicyLinkText":null,"PCVSOptOutLinkText":null,"PCVSLegalBasisText":null},"CommonData":{"pcenterContinueWoAcceptLinkColor":"#696969","IabThirdPartyCookieUrl":"cookies.onetrust.mgr.consensu.org","OptanonHideAcceptButton":"","OptanonStyle":"modern","OptanonStaticContentLocation":"","BannerCustomCSS":"","PCCustomCSS":"","PcTextColor":"#696969","PcButtonColor":"#6CC04A","PcButtonTextColor":"#FFFFFF","PcBackgroundColor":"#FFFFFF","PcMenuColor":"#F4F4F4","PcMenuHighLightColor":"#FFFFFF","PcAccordionBackgroundColor":"#E9E9E9","PCenterExpandToViewText":"","PcEnableToggles":false,"PcLinksTextColor":"#3860BE","TextColor":"#696969","ButtonColor":"#6CC04A","BannerMPButtonColor":"#FFFFFF","BannerMPButtonTextColor":"#6CC04A","ButtonTextColor":"#FFFFFF","BackgroundColor":"#FFFFFF","BannerLinksTextColor":"#3860BE","BannerAccordionBackgroundColor":"#E9E9E9","CookiePersistentLogo":"https://optanon.blob.core.windows.net/logos/static/ot_persistent_cookie.png","OptanonLogo":"https://cdn.cookielaw.org/logos/static/ot_logo.png","OneTrustFooterLogo":"https://cdn.cookielaw.org/logos/static/poweredBy_ot_logo.svg","OptanonCookieDomain":"discord.com","OptanonGroupIdPerformanceCookies":"C0002","OptanonGroupIdFunctionalityCookies":"C0003","OptanonGroupIdTargetingCookies":"C0004","OptanonGroupIdSocialCookies":"C0005","ShowSubGroupCookies":false,"LegacyBannerLayout":"default_flat_bottom_two_button_black","OptanonHideCookieSettingButton":"","UseRTL":false,"ShowBannerAcceptButton":true,"ShowBannerCookieSettings":true,"ShowCookieList":false,"PCShowCookieHost":true,"PCShowCookieDuration":true,"PCShowCookieType":true,"PCShowCookieCategory":true,"PCShowCookieDescription":true,"AllowHostOptOut":false,"CookieListTitleColor":"#696969","CookieListGroupNameColor":"#696969","CookieListTableHeaderColor":"#696969","CookieListTableHeaderBackgroundColor":"#F8F8F8","CookiesV2NewCookiePolicy":true,"CookieListPrimaryColor":"#696969","CookieListCustomCss":"","ConsentIntegration":{"ConsentApi":null,"RequestInformation":null},"BConsentPurposesText":"Consent Purposes","BFeaturesText":"Features","BLegitimateInterestPurposesText":"Legitimate Interest Purposes","BSpecialFeaturesText":"Special Features","BSpecialPurposesText":"Special Purposes","BConsentText":"Consent","BLegitInterestText":"Legitimate Interest","IabLegalTextUrl":"https://tcf.cookiepedia.co.uk","PCCListName":"Name","PCCListHost":"Host","PCCListDuration":"Duration","PCCListType":"Type","PCCListCategory":"Category","PCCListDescription":"Description","PCDialogClose":"[`dialog closed`]","PcLegIntButtonColor":"#FFFFFF","PcLegIntButtonTextColor":"#78808E","BCategoryContainerColor":"#F9F9FC","BCategoryStyleColor":"#3860BE","BLineBreakColor":"#E9E9E9","BSaveBtnColor":"#1371C3","BCategoryStyle":"Checkbox","BAnimation":"Slide_In","BContinueColor":"#696969","PCContinueColor":"#696969","PCFooterLogoUrl":"https://www.onetrust.com/products/cookie-consent/","PCFooterCookieProLogoUrl":null,"BFocusBorderColor":"#000000","PCFocusBorderColor":"#000000","TemplateName":"Generic Template","GeoRuleGroupName":"All Audiences","GeoRuleName":"Global Audience"},"NtfyConfig":{"ShowNtfy":false,"NtfyDuration":5,"ShowCS":true,"CSType":"BUTTON","CSTxt":"Cookie Settings","Sync":{"Title":"Cookie Preferences","TitleAlign":"left","TitleColor":"#696969","Desc":"Syncing...","DescAlign":"left","DescColor":"#696969","BgColor":"#FFFFFF","BdrColor":"#FFFFFF","IconBgColor":"#1276CE","ShowClose":true,"CloseAria":"Close","ShowIcon":true},"Complete":{"Title":"Cookie Preferences","TitleAlign":"left","TitleColor":"#696969","Desc":"Synced","DescAlign":"left","DescColor":"#696969","BgColor":"#FFFFFF","BdrColor":"#FFFFFF","IconBgColor":"#6CC04A","ShowClose":true,"CloseAria":"Close","ShowIcon":true},"CSButton":{"Color":"#FFFFFF","BgColor":"#1276CE","BdrColor":"#1276CE","Align":"center"},"CSLink":{"Color":"#1276CE","Align":"center"}},"OTTData":null,"MobileData":null}